-- phpMyAdmin SQL Dump
-- version 5.2.0
-- https://www.phpmyadmin.net/
--
-- Host: 127.0.0.1
-- Waktu pembuatan: 25 Feb 2024 pada 14.54
-- Versi server: 10.4.27-MariaDB
-- Versi PHP: 8.1.12

SET SQL_MODE = "NO_AUTO_VALUE_ON_ZERO";
START TRANSACTION;
SET time_zone = "+00:00";


/*!40101 SET @OLD_CHARACTER_SET_CLIENT=@@CHARACTER_SET_CLIENT */;
/*!40101 SET @OLD_CHARACTER_SET_RESULTS=@@CHARACTER_SET_RESULTS */;
/*!40101 SET @OLD_COLLATION_CONNECTION=@@COLLATION_CONNECTION */;
/*!40101 SET NAMES utf8mb4 */;

--
-- Database: `moment-it`
--

-- --------------------------------------------------------

--
-- Struktur dari tabel `album`
--

CREATE TABLE `album` (
  `id_album` int(11) NOT NULL,
  `id_user` int(11) NOT NULL,
  `album_name` varchar(256) NOT NULL,
  `folder` varchar(256) NOT NULL,
  `thumnail` varchar(256) NOT NULL,
  `created_at` datetime NOT NULL,
  `updated_at` datetime NOT NULL,
  `deleted_at` datetime NOT NULL
) ENGINE=InnoDB DEFAULT CHARSET=utf8mb4 COLLATE=utf8mb4_general_ci;

--
-- Dumping data untuk tabel `album`
--

INSERT INTO `album` (`id_album`, `id_user`, `album_name`, `folder`, `thumnail`, `created_at`, `updated_at`, `deleted_at`) VALUES
(4, 1, 'Kucing', '65cacb9eedfeb-2024-02-13', 'img-65cac5aa802841.12959644.jpg', '2024-02-13 01:53:34', '2024-02-13 01:53:34', '0000-00-00 00:00:00');

-- --------------------------------------------------------

--
-- Struktur dari tabel `album_items`
--

CREATE TABLE `album_items` (
  `id_items` int(11) NOT NULL,
  `id_album` int(11) NOT NULL,
  `id_postingan` int(11) NOT NULL
) ENGINE=InnoDB DEFAULT CHARSET=utf8mb4 COLLATE=utf8mb4_general_ci;

--
-- Dumping data untuk tabel `album_items`
--

INSERT INTO `album_items` (`id_items`, `id_album`, `id_postingan`) VALUES
(11, 4, 17);

-- --------------------------------------------------------

--
-- Struktur dari tabel `komentar`
--

CREATE TABLE `komentar` (
  `id_komentar` int(11) NOT NULL,
  `id_postingan` int(11) NOT NULL,
  `id_user` int(11) NOT NULL,
  `isi` varchar(256) NOT NULL,
  `created_at` datetime NOT NULL,
  `updated_at` datetime NOT NULL,
  `deleted_at` datetime NOT NULL
) ENGINE=InnoDB DEFAULT CHARSET=utf8mb4 COLLATE=utf8mb4_general_ci;

--
-- Dumping data untuk tabel `komentar`
--

INSERT INTO `komentar` (`id_komentar`, `id_postingan`, `id_user`, `isi`, `created_at`, `updated_at`, `deleted_at`) VALUES
(3, 10, 1, 'asik nih kayaknya', '2024-02-12 04:32:29', '2024-02-12 04:32:29', '0000-00-00 00:00:00'),
(4, 11, 1, 'tes', '2024-02-13 01:11:55', '2024-02-13 01:11:55', '0000-00-00 00:00:00'),
(6, 113, 8, 'Testing', '2024-02-25 13:21:33', '2024-02-25 13:21:33', '0000-00-00 00:00:00');

-- --------------------------------------------------------

--
-- Struktur dari tabel `liked`
--

CREATE TABLE `liked` (
  `id_like` int(11) NOT NULL,
  `id_postingan` int(11) NOT NULL,
  `id_user` int(11) NOT NULL,
  `created_at` datetime NOT NULL,
  `updated_at` datetime NOT NULL,
  `deleted_at` datetime NOT NULL
) ENGINE=InnoDB DEFAULT CHARSET=utf8mb4 COLLATE=utf8mb4_general_ci;

--
-- Dumping data untuk tabel `liked`
--

INSERT INTO `liked` (`id_like`, `id_postingan`, `id_user`, `created_at`, `updated_at`, `deleted_at`) VALUES
(16, 10, 1, '2024-02-12 04:32:25', '2024-02-12 04:32:25', '0000-00-00 00:00:00');

-- --------------------------------------------------------

--
-- Struktur dari tabel `list_gambar`
--

CREATE TABLE `list_gambar` (
  `id_list` int(11) NOT NULL,
  `id_postingan` int(11) NOT NULL,
  `folder` varchar(256) NOT NULL,
  `img` varchar(256) NOT NULL,
  `created_at` datetime NOT NULL,
  `updated_at` datetime NOT NULL,
  `deleted_at` datetime NOT NULL
) ENGINE=InnoDB DEFAULT CHARSET=utf8mb4 COLLATE=utf8mb4_general_ci;

--
-- Dumping data untuk tabel `list_gambar`
--

INSERT INTO `list_gambar` (`id_list`, `id_postingan`, `folder`, `img`, `created_at`, `updated_at`, `deleted_at`) VALUES
(21, 13, '65d7ec0d4ce7d-2024-02-23', 'img-65d7ec03da2c43.19250913.jpg', '2024-02-23 00:51:25', '2024-02-23 00:51:25', '0000-00-00 00:00:00'),
(22, 13, '65d7ec0d4fb3b-2024-02-23', 'img-65d7ebfc5df556.34331347.jpg', '2024-02-23 00:51:25', '2024-02-23 00:51:25', '0000-00-00 00:00:00'),
(26, 12, '65d7f8e03571b-2024-02-23', 'img-65d7f8dd1fa451.01796100.jpg', '2024-02-23 01:46:08', '2024-02-23 01:46:08', '0000-00-00 00:00:00'),
(27, 14, '65d7fdebbec28-2024-02-23', 'img-65d7fde6128ab5.76892116.jpg', '2024-02-23 02:07:39', '2024-02-23 02:07:39', '0000-00-00 00:00:00'),
(28, 15, '65d7fe1190eaa-2024-02-23', 'img-65d7fe06655b03.61771963.jpg', '2024-02-23 02:08:17', '2024-02-23 02:08:17', '0000-00-00 00:00:00'),
(29, 16, '65d7fe96e871b-2024-02-23', 'img-65d7fe8888f7b8.07519766.jpg', '2024-02-23 02:10:30', '2024-02-23 02:10:30', '0000-00-00 00:00:00'),
(30, 16, '65d7fe96ebc87-2024-02-23', 'img-65d7fe83c47937.47236802.jpg', '2024-02-23 02:10:30', '2024-02-23 02:10:30', '0000-00-00 00:00:00'),
(31, 17, '65d80040c0c26-2024-02-23', 'img-65d80037e066c3.42090843.jpg', '2024-02-23 02:17:36', '2024-02-23 02:17:36', '0000-00-00 00:00:00'),
(32, 17, '65d80040c385b-2024-02-23', 'img-65d8002f3ea4c1.20408520.jpg', '2024-02-23 02:17:36', '2024-02-23 02:17:36', '0000-00-00 00:00:00'),
(33, 18, '65d8009e713d3-2024-02-23', 'img-65d800994785b9.54977633.jpg', '2024-02-23 02:19:10', '2024-02-23 02:19:10', '0000-00-00 00:00:00'),
(34, 19, '65d800e263779-2024-02-23', 'img-65d800d2beab00.71517490.jpg', '2024-02-23 02:20:18', '2024-02-23 02:20:18', '0000-00-00 00:00:00'),
(35, 20, '65d8010e8a187-2024-02-23', 'img-65d801067cc623.67134310.jpg', '2024-02-23 02:21:02', '2024-02-23 02:21:02', '0000-00-00 00:00:00'),
(36, 20, '65d8010e8dad1-2024-02-23', 'img-65d800f81bf804.23030021.jpeg', '2024-02-23 02:21:02', '2024-02-23 02:21:02', '0000-00-00 00:00:00'),
(37, 21, '65d8013b5aaa1-2024-02-23', 'img-65d80131de7ad8.47710356.jpg', '2024-02-23 02:21:47', '2024-02-23 02:21:47', '0000-00-00 00:00:00'),
(38, 22, '65d803ca02864-2024-02-23', 'img-65d803c42fee46.85526284.png', '2024-02-23 02:32:42', '2024-02-23 02:32:42', '0000-00-00 00:00:00'),
(39, 23, '65d803ed0d02e-2024-02-23', 'img-65d803e0118662.95683456.jpg', '2024-02-23 02:33:17', '2024-02-23 02:33:17', '0000-00-00 00:00:00'),
(40, 23, '65d803ed0fca3-2024-02-23', 'img-65d803db973f95.26794744.png', '2024-02-23 02:33:17', '2024-02-23 02:33:17', '0000-00-00 00:00:00'),
(41, 24, '65d804c647615-2024-02-23', 'img-65d804b8f12840.71175199.jpg', '2024-02-23 02:36:54', '2024-02-23 02:36:54', '0000-00-00 00:00:00'),
(42, 24, '65d804c649166-2024-02-23', 'img-65d804b2e7a7f1.78656581.jpg', '2024-02-23 02:36:54', '2024-02-23 02:36:54', '0000-00-00 00:00:00'),
(43, 25, '65d80588522b4-2024-02-23', 'img-65d8058030eb11.89219799.jpg', '2024-02-23 02:40:08', '2024-02-23 02:40:08', '0000-00-00 00:00:00'),
(44, 26, '65d805a2a1643-2024-02-23', 'img-65d8059b4cbd72.68376746.jpg', '2024-02-23 02:40:34', '2024-02-23 02:40:34', '0000-00-00 00:00:00'),
(45, 27, '65d8065f35627-2024-02-23', 'img-65d805cb0acd40.77769447.jpg', '2024-02-23 02:43:43', '2024-02-23 02:43:43', '0000-00-00 00:00:00'),
(46, 28, '65d8165d54a0d-2024-02-23', 'img-65d816537a87f1.64077373.jpg', '2024-02-23 03:51:57', '2024-02-23 03:51:57', '0000-00-00 00:00:00'),
(47, 29, '65d816a23eaac-2024-02-23', 'img-65d816762fd106.77719682.jpg', '2024-02-23 03:53:06', '2024-02-23 03:53:06', '0000-00-00 00:00:00'),
(48, 29, '65d816a2411b2-2024-02-23', 'img-65d8166fc204a6.60686050.jpg', '2024-02-23 03:53:06', '2024-02-23 03:53:06', '0000-00-00 00:00:00'),
(49, 30, '65db35b40e3a7-2024-02-25', 'img-65db35ab02afb9.94149189.jpeg', '2024-02-25 12:42:28', '2024-02-25 12:42:28', '0000-00-00 00:00:00'),
(50, 30, '65db35b410720-2024-02-25', 'img-65db35a222c3d5.71827900.jpg', '2024-02-25 12:42:28', '2024-02-25 12:42:28', '0000-00-00 00:00:00'),
(51, 31, '65db35d376db5-2024-02-25', 'img-65db35cb6dbaf3.71163744.jpeg', '2024-02-25 12:42:59', '2024-02-25 12:42:59', '0000-00-00 00:00:00'),
(52, 32, '65db35e1bfbfa-2024-02-25', 'img-65db35dedf6fe5.11463883.jpg', '2024-02-25 12:43:13', '2024-02-25 12:43:13', '0000-00-00 00:00:00'),
(53, 76, '65db3e92ae510-2024-02-25', 'img-65d7f8dd1fa451.01796100.jpg', '2024-02-25 13:20:18', '2024-02-25 13:20:18', '0000-00-00 00:00:00'),
(54, 77, '65db3e92b0260-2024-02-25', 'img-65d7ec03da2c43.19250913.jpg', '2024-02-25 13:20:18', '2024-02-25 13:20:18', '0000-00-00 00:00:00'),
(55, 78, '65db3e92b1ed4-2024-02-25', 'img-65d7fde6128ab5.76892116.jpg', '2024-02-25 13:20:18', '2024-02-25 13:20:18', '0000-00-00 00:00:00'),
(56, 79, '65db3e92b4c9c-2024-02-25', 'img-65d7fe06655b03.61771963.jpg', '2024-02-25 13:20:18', '2024-02-25 13:20:18', '0000-00-00 00:00:00'),
(57, 80, '65db3e92b76a8-2024-02-25', 'img-65d7fe8888f7b8.07519766.jpg', '2024-02-25 13:20:18', '2024-02-25 13:20:18', '0000-00-00 00:00:00'),
(58, 81, '65db3e92bde5a-2024-02-25', 'img-65d80037e066c3.42090843.jpg', '2024-02-25 13:20:18', '2024-02-25 13:20:18', '0000-00-00 00:00:00'),
(59, 82, '65db3e92c0689-2024-02-25', 'img-65d800994785b9.54977633.jpg', '2024-02-25 13:20:18', '2024-02-25 13:20:18', '0000-00-00 00:00:00'),
(60, 83, '65db3e92c27ab-2024-02-25', 'img-65d800d2beab00.71517490.jpg', '2024-02-25 13:20:18', '2024-02-25 13:20:18', '0000-00-00 00:00:00'),
(61, 84, '65db3e92c437e-2024-02-25', 'img-65d801067cc623.67134310.jpg', '2024-02-25 13:20:18', '2024-02-25 13:20:18', '0000-00-00 00:00:00'),
(62, 85, '65db3e92c5e1a-2024-02-25', 'img-65d80131de7ad8.47710356.jpg', '2024-02-25 13:20:18', '2024-02-25 13:20:18', '0000-00-00 00:00:00'),
(63, 86, '65db3e92c78a1-2024-02-25', 'img-65d803c42fee46.85526284.png', '2024-02-25 13:20:18', '2024-02-25 13:20:18', '0000-00-00 00:00:00'),
(64, 87, '65db3e92c9554-2024-02-25', 'img-65d803e0118662.95683456.jpg', '2024-02-25 13:20:18', '2024-02-25 13:20:18', '0000-00-00 00:00:00'),
(65, 88, '65db3e92caf9b-2024-02-25', 'img-65d804b8f12840.71175199.jpg', '2024-02-25 13:20:18', '2024-02-25 13:20:18', '0000-00-00 00:00:00'),
(66, 89, '65db3e92cca9b-2024-02-25', 'img-65d8058030eb11.89219799.jpg', '2024-02-25 13:20:18', '2024-02-25 13:20:18', '0000-00-00 00:00:00'),
(67, 90, '65db3e92ce701-2024-02-25', 'img-65d8059b4cbd72.68376746.jpg', '2024-02-25 13:20:18', '2024-02-25 13:20:18', '0000-00-00 00:00:00'),
(68, 91, '65db3e92d0425-2024-02-25', 'img-65d805cb0acd40.77769447.jpg', '2024-02-25 13:20:18', '2024-02-25 13:20:18', '0000-00-00 00:00:00'),
(69, 92, '65db3e92d25d4-2024-02-25', 'img-65d816537a87f1.64077373.jpg', '2024-02-25 13:20:18', '2024-02-25 13:20:18', '0000-00-00 00:00:00'),
(70, 93, '65db3e92d486f-2024-02-25', 'img-65d816762fd106.77719682.jpg', '2024-02-25 13:20:18', '2024-02-25 13:20:18', '0000-00-00 00:00:00'),
(71, 94, '65db3e92d69ce-2024-02-25', 'img-65d7f8dd1fa451.01796100.jpg', '2024-02-25 13:20:18', '2024-02-25 13:20:18', '0000-00-00 00:00:00'),
(72, 95, '65db3e92d8789-2024-02-25', 'img-65d7ec03da2c43.19250913.jpg', '2024-02-25 13:20:18', '2024-02-25 13:20:18', '0000-00-00 00:00:00'),
(73, 96, '65db3e92da499-2024-02-25', 'img-65d7fde6128ab5.76892116.jpg', '2024-02-25 13:20:18', '2024-02-25 13:20:18', '0000-00-00 00:00:00'),
(74, 97, '65db3e92df1b2-2024-02-25', 'img-65d7fe06655b03.61771963.jpg', '2024-02-25 13:20:18', '2024-02-25 13:20:18', '0000-00-00 00:00:00'),
(75, 98, '65db3e92e1449-2024-02-25', 'img-65d7fe8888f7b8.07519766.jpg', '2024-02-25 13:20:18', '2024-02-25 13:20:18', '0000-00-00 00:00:00'),
(76, 99, '65db3e92e35fc-2024-02-25', 'img-65d80037e066c3.42090843.jpg', '2024-02-25 13:20:18', '2024-02-25 13:20:18', '0000-00-00 00:00:00'),
(77, 100, '65db3e92e51fa-2024-02-25', 'img-65d800994785b9.54977633.jpg', '2024-02-25 13:20:18', '2024-02-25 13:20:18', '0000-00-00 00:00:00'),
(78, 101, '65db3e92e714d-2024-02-25', 'img-65d800d2beab00.71517490.jpg', '2024-02-25 13:20:18', '2024-02-25 13:20:18', '0000-00-00 00:00:00'),
(79, 102, '65db3e92e8f11-2024-02-25', 'img-65d801067cc623.67134310.jpg', '2024-02-25 13:20:18', '2024-02-25 13:20:18', '0000-00-00 00:00:00'),
(80, 103, '65db3e92eaf20-2024-02-25', 'img-65d80131de7ad8.47710356.jpg', '2024-02-25 13:20:18', '2024-02-25 13:20:18', '0000-00-00 00:00:00'),
(81, 104, '65db3e92ec93f-2024-02-25', 'img-65d803c42fee46.85526284.png', '2024-02-25 13:20:18', '2024-02-25 13:20:18', '0000-00-00 00:00:00'),
(82, 105, '65db3e92ee1ed-2024-02-25', 'img-65d803e0118662.95683456.jpg', '2024-02-25 13:20:18', '2024-02-25 13:20:18', '0000-00-00 00:00:00'),
(83, 106, '65db3e92ef8b0-2024-02-25', 'img-65d804b8f12840.71175199.jpg', '2024-02-25 13:20:18', '2024-02-25 13:20:18', '0000-00-00 00:00:00'),
(84, 107, '65db3e92f106c-2024-02-25', 'img-65d8058030eb11.89219799.jpg', '2024-02-25 13:20:18', '2024-02-25 13:20:18', '0000-00-00 00:00:00'),
(85, 108, '65db3e92f2788-2024-02-25', 'img-65d8059b4cbd72.68376746.jpg', '2024-02-25 13:20:18', '2024-02-25 13:20:18', '0000-00-00 00:00:00'),
(86, 109, '65db3e92f41ff-2024-02-25', 'img-65d805cb0acd40.77769447.jpg', '2024-02-25 13:20:19', '2024-02-25 13:20:19', '0000-00-00 00:00:00'),
(87, 110, '65db3e930174c-2024-02-25', 'img-65d816537a87f1.64077373.jpg', '2024-02-25 13:20:19', '2024-02-25 13:20:19', '0000-00-00 00:00:00'),
(88, 111, '65db3e9302f82-2024-02-25', 'img-65d816762fd106.77719682.jpg', '2024-02-25 13:20:19', '2024-02-25 13:20:19', '0000-00-00 00:00:00'),
(89, 112, '65db3e930467e-2024-02-25', 'img-65d7f8dd1fa451.01796100.jpg', '2024-02-25 13:20:19', '2024-02-25 13:20:19', '0000-00-00 00:00:00'),
(90, 113, '65db3e9305f13-2024-02-25', 'img-65d7ec03da2c43.19250913.jpg', '2024-02-25 13:20:19', '2024-02-25 13:20:19', '0000-00-00 00:00:00'),
(91, 114, '65db3e9307662-2024-02-25', 'img-65d7fde6128ab5.76892116.jpg', '2024-02-25 13:20:19', '2024-02-25 13:20:19', '0000-00-00 00:00:00'),
(92, 115, '65db3e93094ac-2024-02-25', 'img-65d7fe06655b03.61771963.jpg', '2024-02-25 13:20:19', '2024-02-25 13:20:19', '0000-00-00 00:00:00'),
(93, 116, '65db3e930b54e-2024-02-25', 'img-65d7fe8888f7b8.07519766.jpg', '2024-02-25 13:20:19', '2024-02-25 13:20:19', '0000-00-00 00:00:00'),
(94, 117, '65db3e930d643-2024-02-25', 'img-65d80037e066c3.42090843.jpg', '2024-02-25 13:20:19', '2024-02-25 13:20:19', '0000-00-00 00:00:00'),
(95, 118, '65db3e930f620-2024-02-25', 'img-65d800994785b9.54977633.jpg', '2024-02-25 13:20:19', '2024-02-25 13:20:19', '0000-00-00 00:00:00'),
(96, 119, '65db3e9311830-2024-02-25', 'img-65d800d2beab00.71517490.jpg', '2024-02-25 13:20:19', '2024-02-25 13:20:19', '0000-00-00 00:00:00'),
(97, 120, '65db3e931392a-2024-02-25', 'img-65d801067cc623.67134310.jpg', '2024-02-25 13:20:19', '2024-02-25 13:20:19', '0000-00-00 00:00:00'),
(98, 121, '65db3e9315b38-2024-02-25', 'img-65d80131de7ad8.47710356.jpg', '2024-02-25 13:20:19', '2024-02-25 13:20:19', '0000-00-00 00:00:00'),
(99, 122, '65db3e9317b73-2024-02-25', 'img-65d803c42fee46.85526284.png', '2024-02-25 13:20:19', '2024-02-25 13:20:19', '0000-00-00 00:00:00'),
(100, 123, '65db3e9319cc7-2024-02-25', 'img-65d803e0118662.95683456.jpg', '2024-02-25 13:20:19', '2024-02-25 13:20:19', '0000-00-00 00:00:00'),
(101, 124, '65db3e931bc22-2024-02-25', 'img-65d804b8f12840.71175199.jpg', '2024-02-25 13:20:19', '2024-02-25 13:20:19', '0000-00-00 00:00:00'),
(102, 125, '65db3e931dc18-2024-02-25', 'img-65d8058030eb11.89219799.jpg', '2024-02-25 13:20:19', '2024-02-25 13:20:19', '0000-00-00 00:00:00'),
(103, 126, '65db3e931f700-2024-02-25', 'img-65d8059b4cbd72.68376746.jpg', '2024-02-25 13:20:19', '2024-02-25 13:20:19', '0000-00-00 00:00:00'),
(104, 127, '65db3e9321294-2024-02-25', 'img-65d805cb0acd40.77769447.jpg', '2024-02-25 13:20:19', '2024-02-25 13:20:19', '0000-00-00 00:00:00'),
(105, 128, '65db3e93229f8-2024-02-25', 'img-65d816537a87f1.64077373.jpg', '2024-02-25 13:20:19', '2024-02-25 13:20:19', '0000-00-00 00:00:00'),
(106, 129, '65db3e932433d-2024-02-25', 'img-65d816762fd106.77719682.jpg', '2024-02-25 13:20:19', '2024-02-25 13:20:19', '0000-00-00 00:00:00');

-- --------------------------------------------------------

--
-- Struktur dari tabel `postingan`
--

CREATE TABLE `postingan` (
  `id_postingan` int(11) NOT NULL,
  `id_user` int(11) NOT NULL,
  `judul` varchar(256) NOT NULL,
  `deskripsi` varchar(256) NOT NULL,
  `tag` varchar(256) NOT NULL,
  `created_date` datetime NOT NULL,
  `updated_date` datetime NOT NULL,
  `deleted_date` datetime NOT NULL
) ENGINE=InnoDB DEFAULT CHARSET=utf8mb4 COLLATE=utf8mb4_general_ci;

--
-- Dumping data untuk tabel `postingan`
--

INSERT INTO `postingan` (`id_postingan`, `id_user`, `judul`, `deskripsi`, `tag`, `created_date`, `updated_date`, `deleted_date`) VALUES
(12, 1, 'Kocheng', 'CIhuyyyyahsiahshasan', 'Animal', '2024-02-13 01:28:16', '2024-02-13 01:28:16', '0000-00-00 00:00:00'),
(13, 1, 'Hruaaaaa', 'Catto', 'Animal', '2024-02-23 00:51:25', '2024-02-23 00:51:25', '0000-00-00 00:00:00'),
(14, 1, 'putih', 'bengong', 'Animal', '2024-02-23 02:07:39', '2024-02-23 02:07:39', '0000-00-00 00:00:00'),
(15, 1, 'oren', 'Turu', 'Animal', '2024-02-23 02:08:17', '2024-02-23 02:08:17', '0000-00-00 00:00:00'),
(16, 1, 'goofy ah cat', 'Goofy bange tuh', 'Animal', '2024-02-23 02:10:30', '2024-02-23 02:10:30', '0000-00-00 00:00:00'),
(17, 1, 'Bulat', 'Kucing bulat', 'Animal', '2024-02-23 02:17:36', '2024-02-23 02:17:36', '0000-00-00 00:00:00'),
(18, 1, 'Dino', 'rauuur', 'Animal', '2024-02-23 02:19:10', '2024-02-23 02:19:10', '0000-00-00 00:00:00'),
(19, 1, 'Covid', 'Corona rek', 'Animal', '2024-02-23 02:20:18', '2024-02-23 02:20:18', '0000-00-00 00:00:00'),
(20, 1, 'Calico cat', 'car', 'Animal', '2024-02-23 02:21:02', '2024-02-23 02:21:02', '0000-00-00 00:00:00'),
(21, 1, 'skatebord', 'askaosakoska', 'Animal', '2024-02-23 02:21:47', '2024-02-23 02:21:47', '0000-00-00 00:00:00'),
(22, 8, 'mangan', 'Kochen mangan', 'Animal', '2024-02-23 02:32:41', '2024-02-23 02:32:41', '0000-00-00 00:00:00'),
(23, 8, 'Zzzzzzzz', 'Huammm', 'Animal', '2024-02-23 02:33:17', '2024-02-23 02:33:17', '0000-00-00 00:00:00'),
(24, 8, 'Kucing hitam putih', 'Hitam putih', 'Animal', '2024-02-23 02:36:54', '2024-02-23 02:36:54', '0000-00-00 00:00:00'),
(25, 8, 'kembar', 'kembar', 'Animal', '2024-02-23 02:40:08', '2024-02-23 02:40:08', '0000-00-00 00:00:00'),
(26, 8, 'Si abu', 'Si abu', 'Animal', '2024-02-23 02:40:34', '2024-02-23 02:40:34', '0000-00-00 00:00:00'),
(27, 8, 'Kuping', 'Kuping kelipet', 'Animal', '2024-02-23 02:43:43', '2024-02-23 02:43:43', '0000-00-00 00:00:00'),
(28, 8, 'Ireng', 'Ireng banget coeg', 'Animal', '2024-02-23 03:51:57', '2024-02-23 03:51:57', '0000-00-00 00:00:00'),
(29, 8, 'Bebuluan', 'Sobat Bulu', 'Animal', '2024-02-23 03:53:06', '2024-02-23 03:53:06', '0000-00-00 00:00:00'),
(76, 1, 'Kocheng', 'CIhuyyyyahsiahshasan', 'Animal', '2024-02-25 13:20:18', '2024-02-25 13:20:18', '0000-00-00 00:00:00'),
(77, 1, 'Hruaaaaa', 'Catto', 'Animal', '2024-02-25 13:20:18', '2024-02-25 13:20:18', '0000-00-00 00:00:00'),
(78, 1, 'putih', 'bengong', 'Animal', '2024-02-25 13:20:18', '2024-02-25 13:20:18', '0000-00-00 00:00:00'),
(79, 1, 'oren', 'Turu', 'Animal', '2024-02-25 13:20:18', '2024-02-25 13:20:18', '0000-00-00 00:00:00'),
(80, 1, 'goofy ah cat', 'Goofy bange tuh', 'Animal', '2024-02-25 13:20:18', '2024-02-25 13:20:18', '0000-00-00 00:00:00'),
(81, 1, 'Bulat', 'Kucing bulat', 'Animal', '2024-02-25 13:20:18', '2024-02-25 13:20:18', '0000-00-00 00:00:00'),
(82, 1, 'Dino', 'rauuur', 'Animal', '2024-02-25 13:20:18', '2024-02-25 13:20:18', '0000-00-00 00:00:00'),
(83, 1, 'Covid', 'Corona rek', 'Animal', '2024-02-25 13:20:18', '2024-02-25 13:20:18', '0000-00-00 00:00:00'),
(84, 1, 'Calico cat', 'car', 'Animal', '2024-02-25 13:20:18', '2024-02-25 13:20:18', '0000-00-00 00:00:00'),
(85, 1, 'skatebord', 'askaosakoska', 'Animal', '2024-02-25 13:20:18', '2024-02-25 13:20:18', '0000-00-00 00:00:00'),
(86, 1, 'mangan', 'Kochen mangan', 'Animal', '2024-02-25 13:20:18', '2024-02-25 13:20:18', '0000-00-00 00:00:00'),
(87, 1, 'Zzzzzzzz', 'Huammm', 'Animal', '2024-02-25 13:20:18', '2024-02-25 13:20:18', '0000-00-00 00:00:00'),
(88, 1, 'Kucing hitam putih', 'Hitam putih', 'Animal', '2024-02-25 13:20:18', '2024-02-25 13:20:18', '0000-00-00 00:00:00'),
(89, 1, 'kembar', 'kembar', 'Animal', '2024-02-25 13:20:18', '2024-02-25 13:20:18', '0000-00-00 00:00:00'),
(90, 1, 'Si abu', 'Si abu', 'Animal', '2024-02-25 13:20:18', '2024-02-25 13:20:18', '0000-00-00 00:00:00'),
(91, 1, 'Kuping', 'Kuping kelipet', 'Animal', '2024-02-25 13:20:18', '2024-02-25 13:20:18', '0000-00-00 00:00:00'),
(92, 1, 'Ireng', 'Ireng banget coeg', 'Animal', '2024-02-25 13:20:18', '2024-02-25 13:20:18', '0000-00-00 00:00:00'),
(93, 1, 'Bebuluan', 'Sobat Bulu', 'Animal', '2024-02-25 13:20:18', '2024-02-25 13:20:18', '0000-00-00 00:00:00'),
(94, 8, 'Kocheng', 'CIhuyyyyahsiahshasan', 'Animal', '2024-02-25 13:20:18', '2024-02-25 13:20:18', '0000-00-00 00:00:00'),
(95, 8, 'Hruaaaaa', 'Catto', 'Animal', '2024-02-25 13:20:18', '2024-02-25 13:20:18', '0000-00-00 00:00:00'),
(96, 8, 'putih', 'bengong', 'Animal', '2024-02-25 13:20:18', '2024-02-25 13:20:18', '0000-00-00 00:00:00'),
(97, 8, 'oren', 'Turu', 'Animal', '2024-02-25 13:20:18', '2024-02-25 13:20:18', '0000-00-00 00:00:00'),
(98, 8, 'goofy ah cat', 'Goofy bange tuh', 'Animal', '2024-02-25 13:20:18', '2024-02-25 13:20:18', '0000-00-00 00:00:00'),
(99, 8, 'Bulat', 'Kucing bulat', 'Animal', '2024-02-25 13:20:18', '2024-02-25 13:20:18', '0000-00-00 00:00:00'),
(100, 8, 'Dino', 'rauuur', 'Animal', '2024-02-25 13:20:18', '2024-02-25 13:20:18', '0000-00-00 00:00:00'),
(101, 8, 'Covid', 'Corona rek', 'Animal', '2024-02-25 13:20:18', '2024-02-25 13:20:18', '0000-00-00 00:00:00'),
(102, 8, 'Calico cat', 'car', 'Animal', '2024-02-25 13:20:18', '2024-02-25 13:20:18', '0000-00-00 00:00:00'),
(103, 8, 'skatebord', 'askaosakoska', 'Animal', '2024-02-25 13:20:18', '2024-02-25 13:20:18', '0000-00-00 00:00:00'),
(104, 8, 'mangan', 'Kochen mangan', 'Animal', '2024-02-25 13:20:18', '2024-02-25 13:20:18', '0000-00-00 00:00:00'),
(105, 8, 'Zzzzzzzz', 'Huammm', 'Animal', '2024-02-25 13:20:18', '2024-02-25 13:20:18', '0000-00-00 00:00:00'),
(106, 8, 'Kucing hitam putih', 'Hitam putih', 'Animal', '2024-02-25 13:20:18', '2024-02-25 13:20:18', '0000-00-00 00:00:00'),
(107, 8, 'kembar', 'kembar', 'Animal', '2024-02-25 13:20:18', '2024-02-25 13:20:18', '0000-00-00 00:00:00'),
(108, 8, 'Si abu', 'Si abu', 'Animal', '2024-02-25 13:20:18', '2024-02-25 13:20:18', '0000-00-00 00:00:00'),
(109, 8, 'Kuping', 'Kuping kelipet', 'Animal', '2024-02-25 13:20:18', '2024-02-25 13:20:18', '0000-00-00 00:00:00'),
(110, 8, 'Ireng', 'Ireng banget coeg', 'Animal', '2024-02-25 13:20:19', '2024-02-25 13:20:19', '0000-00-00 00:00:00'),
(111, 8, 'Bebuluan', 'Sobat Bulu', 'Animal', '2024-02-25 13:20:19', '2024-02-25 13:20:19', '0000-00-00 00:00:00'),
(112, 8, 'Kocheng', 'CIhuyyyyahsiahshasan', 'Animal', '2024-02-25 13:20:19', '2024-02-25 13:20:19', '0000-00-00 00:00:00'),
(113, 8, 'Hruaaaaa', 'Catto', 'Animal', '2024-02-25 13:20:19', '2024-02-25 13:20:19', '0000-00-00 00:00:00'),
(114, 8, 'putih', 'bengong', 'Animal', '2024-02-25 13:20:19', '2024-02-25 13:20:19', '0000-00-00 00:00:00'),
(115, 8, 'oren', 'Turu', 'Animal', '2024-02-25 13:20:19', '2024-02-25 13:20:19', '0000-00-00 00:00:00'),
(116, 8, 'goofy ah cat', 'Goofy bange tuh', 'Animal', '2024-02-25 13:20:19', '2024-02-25 13:20:19', '0000-00-00 00:00:00'),
(117, 8, 'Bulat', 'Kucing bulat', 'Animal', '2024-02-25 13:20:19', '2024-02-25 13:20:19', '0000-00-00 00:00:00'),
(118, 8, 'Dino', 'rauuur', 'Animal', '2024-02-25 13:20:19', '2024-02-25 13:20:19', '0000-00-00 00:00:00'),
(119, 8, 'Covid', 'Corona rek', 'Animal', '2024-02-25 13:20:19', '2024-02-25 13:20:19', '0000-00-00 00:00:00'),
(120, 8, 'Calico cat', 'car', 'Animal', '2024-02-25 13:20:19', '2024-02-25 13:20:19', '0000-00-00 00:00:00'),
(121, 8, 'skatebord', 'askaosakoska', 'Animal', '2024-02-25 13:20:19', '2024-02-25 13:20:19', '0000-00-00 00:00:00'),
(122, 8, 'mangan', 'Kochen mangan', 'Animal', '2024-02-25 13:20:19', '2024-02-25 13:20:19', '0000-00-00 00:00:00'),
(123, 8, 'Zzzzzzzz', 'Huammm', 'Animal', '2024-02-25 13:20:19', '2024-02-25 13:20:19', '0000-00-00 00:00:00'),
(124, 8, 'Kucing hitam putih', 'Hitam putih', 'Animal', '2024-02-25 13:20:19', '2024-02-25 13:20:19', '0000-00-00 00:00:00'),
(125, 8, 'kembar', 'kembar', 'Animal', '2024-02-25 13:20:19', '2024-02-25 13:20:19', '0000-00-00 00:00:00'),
(126, 8, 'Si abu', 'Si abu', 'Animal', '2024-02-25 13:20:19', '2024-02-25 13:20:19', '0000-00-00 00:00:00'),
(127, 8, 'Kuping', 'Kuping kelipet', 'Animal', '2024-02-25 13:20:19', '2024-02-25 13:20:19', '0000-00-00 00:00:00'),
(128, 8, 'Ireng', 'Ireng banget coeg', 'Animal', '2024-02-25 13:20:19', '2024-02-25 13:20:19', '0000-00-00 00:00:00'),
(129, 8, 'Bebuluan', 'Sobat Bulu', 'Animal', '2024-02-25 13:20:19', '2024-02-25 13:20:19', '0000-00-00 00:00:00');

-- --------------------------------------------------------

--
-- Struktur dari tabel `tmp_img`
--

CREATE TABLE `tmp_img` (
  `id` int(11) NOT NULL,
  `folder` varchar(256) NOT NULL,
  `img` varchar(256) NOT NULL
) ENGINE=InnoDB DEFAULT CHARSET=utf8mb4 COLLATE=utf8mb4_general_ci;

--
-- Dumping data untuk tabel `tmp_img`
--

INSERT INTO `tmp_img` (`id`, `folder`, `img`) VALUES
(55, '65cacb37ad2d6-2024-02-13', 'img-65cacb37ad2cf0.79668979.jpg'),
(56, '65cacb5bb0ea9-2024-02-13', 'img-65cacb5bb0ea30.20809129.jpg'),
(63, '65d7f5c6780fd-2024-02-23', 'img-65d7f5c6780f87.91824362.jpg'),
(64, '65d7f5d1e8d5a-2024-02-23', 'img-65d7f5d1e8d538.06856516.jpg'),
(65, '65d7f5dc390a7-2024-02-23', 'img-65d7f5dc390a12.23869576.jpg'),
(66, '65d7f605d9a96-2024-02-23', 'img-65d7f605d9a908.31920666.jpg'),
(67, '65d7f60a993f4-2024-02-23', 'img-65d7f60a993e93.82533243.jpg'),
(68, '65d7f610eb7bd-2024-02-23', 'img-65d7f610eb7b60.78769574.jpg'),
(71, '65d7f8ce00ed1-2024-02-23', 'img-65d7f8ce00eca8.55269577.jpg'),
(72, '65d7f8d443f0b-2024-02-23', 'img-65d7f8d443f055.71654622.jpg'),
(73, '65d7f8d67ce14-2024-02-23', 'img-65d7f8d67ce0c6.04744784.jpg'),
(99, '65daf77677540-2024-02-25', 'img-65daf776775379.47298474.jpg'),
(100, '65daf88765966-2024-02-25', 'img-65daf887659612.65341898.jpg'),
(101, '65daf887866bd-2024-02-25', 'img-65daf887866b70.64419354.jpeg'),
(102, '65daf88f307e4-2024-02-25', 'img-65daf88f307de8.72206536.jpg'),
(103, '65daf88f51fa5-2024-02-25', 'img-65daf88f51f9f3.29586647.jpeg'),
(106, '65daf8aab6b87-2024-02-25', 'img-65daf8aab6b819.73566008.jpg'),
(107, '65daf8aad3b34-2024-02-25', 'img-65daf8aad3b2e5.25332415.jpeg'),
(110, '65daf8c716ac5-2024-02-25', 'img-65daf8c716aa14.98003344.jpg'),
(111, '65daf8c73cdd8-2024-02-25', 'img-65daf8c73cdd11.78146631.jpeg'),
(112, '65daf8ca49c20-2024-02-25', 'img-65daf8ca49c1a1.64395207.jpg'),
(113, '65daf8ca73e06-2024-02-25', 'img-65daf8ca73df91.86243885.jpeg'),
(114, '65daf8d5ad0d0-2024-02-25', 'img-65daf8d5ad0c91.76763673.jpg'),
(115, '65daf8d5cc62b-2024-02-25', 'img-65daf8d5cc6252.77298002.jpeg');

-- --------------------------------------------------------

--
-- Struktur dari tabel `user`
--

CREATE TABLE `user` (
  `id_user` int(11) NOT NULL,
  `username` varchar(256) NOT NULL,
  `email` varchar(256) NOT NULL,
  `password` varchar(256) NOT NULL,
  `salt` varchar(256) NOT NULL,
  `bio` text NOT NULL,
  `nama_lengkap` varchar(256) NOT NULL,
  `alamat` varchar(256) NOT NULL,
  `folder` varchar(256) NOT NULL,
  `profile_picture` varchar(256) NOT NULL,
  `active_code` varchar(256) NOT NULL,
  `is_active` enum('0','1') NOT NULL,
  `created_at` datetime NOT NULL,
  `updated_at` datetime NOT NULL,
  `deleted_at` datetime NOT NULL
) ENGINE=InnoDB DEFAULT CHARSET=utf8mb4 COLLATE=utf8mb4_general_ci;

--
-- Dumping data untuk tabel `user`
--

INSERT INTO `user` (`id_user`, `username`, `email`, `password`, `salt`, `bio`, `nama_lengkap`, `alamat`, `folder`, `profile_picture`, `active_code`, `is_active`, `created_at`, `updated_at`, `deleted_at`) VALUES
(1, 'pajar', 'Fajarshidik78@gmail.com', '$2y$10$a3YgeICwjxgixRLFcNuZieT2S7izx4z4nI1CfbgL8hII3I5uGnBjW', '65c63f39ae2837.61407588', 'Apatuh kira kira', '', '', '65c74596f26a7-2024-02-10', 'img-65c7459050d662.41436934.jpg', '', '1', '2024-02-09 15:05:29', '2024-02-09 15:05:29', '0000-00-00 00:00:00'),
(8, 'Majestic', 'majesticfashionid@gmail.com', '$2y$10$RBiJehb/OG8rRunTAxNUi.zYrr1OoNacLmOG1Nrf10zqXwmD6Jady', '65d8031edf8623.32067202', 'The amazin majestic fashion', '', '', '65d803b11eca1-2024-02-23', 'img-65d803a04378c8.07666336.webp', '', '1', '2024-02-23 02:29:51', '2024-02-23 02:29:51', '0000-00-00 00:00:00'),
(9, 'Laraca', 'laraca216@gmail.com', '$2y$10$cNu7isl3.8HHNwr8yfQkquxIjAGnNn7oUe.JwtzUb3LiDQqoW5U.u', '65db443dbcc4f5.52248208', '', '', '', '65db443dd0705-2024-02-25', 'pfp.png', '', '1', '2024-02-25 13:44:29', '2024-02-25 13:44:29', '0000-00-00 00:00:00');

--
-- Indexes for dumped tables
--

--
-- Indeks untuk tabel `album`
--
ALTER TABLE `album`
  ADD PRIMARY KEY (`id_album`);

--
-- Indeks untuk tabel `album_items`
--
ALTER TABLE `album_items`
  ADD PRIMARY KEY (`id_items`);

--
-- Indeks untuk tabel `komentar`
--
ALTER TABLE `komentar`
  ADD PRIMARY KEY (`id_komentar`);

--
-- Indeks untuk tabel `liked`
--
ALTER TABLE `liked`
  ADD PRIMARY KEY (`id_like`);

--
-- Indeks untuk tabel `list_gambar`
--
ALTER TABLE `list_gambar`
  ADD PRIMARY KEY (`id_list`);

--
-- Indeks untuk tabel `postingan`
--
ALTER TABLE `postingan`
  ADD PRIMARY KEY (`id_postingan`);

--
-- Indeks untuk tabel `tmp_img`
--
ALTER TABLE `tmp_img`
  ADD PRIMARY KEY (`id`);

--
-- Indeks untuk tabel `user`
--
ALTER TABLE `user`
  ADD PRIMARY KEY (`id_user`);

--
-- AUTO_INCREMENT untuk tabel yang dibuang
--

--
-- AUTO_INCREMENT untuk tabel `album`
--
ALTER TABLE `album`
  MODIFY `id_album` int(11) NOT NULL AUTO_INCREMENT, AUTO_INCREMENT=7;

--
-- AUTO_INCREMENT untuk tabel `album_items`
--
ALTER TABLE `album_items`
  MODIFY `id_items` int(11) NOT NULL AUTO_INCREMENT, AUTO_INCREMENT=13;

--
-- AUTO_INCREMENT untuk tabel `komentar`
--
ALTER TABLE `komentar`
  MODIFY `id_komentar` int(11) NOT NULL AUTO_INCREMENT, AUTO_INCREMENT=8;

--
-- AUTO_INCREMENT untuk tabel `liked`
--
ALTER TABLE `liked`
  MODIFY `id_like` int(11) NOT NULL AUTO_INCREMENT, AUTO_INCREMENT=18;

--
-- AUTO_INCREMENT untuk tabel `list_gambar`
--
ALTER TABLE `list_gambar`
  MODIFY `id_list` int(11) NOT NULL AUTO_INCREMENT, AUTO_INCREMENT=109;

--
-- AUTO_INCREMENT untuk tabel `postingan`
--
ALTER TABLE `postingan`
  MODIFY `id_postingan` int(11) NOT NULL AUTO_INCREMENT, AUTO_INCREMENT=131;

--
-- AUTO_INCREMENT untuk tabel `tmp_img`
--
ALTER TABLE `tmp_img`
  MODIFY `id` int(11) NOT NULL AUTO_INCREMENT, AUTO_INCREMENT=123;

--
-- AUTO_INCREMENT untuk tabel `user`
--
ALTER TABLE `user`
  MODIFY `id_user` int(11) NOT NULL AUTO_INCREMENT, AUTO_INCREMENT=10;
COMMIT;

/*!40101 SET CHARACTER_SET_CLIENT=@OLD_CHARACTER_SET_CLIENT */;
/*!40101 SET CHARACTER_SET_RESULTS=@OLD_CHARACTER_SET_RESULTS */;
/*!40101 SET COLLATION_CONNECTION=@OLD_COLLATION_CONNECTION */;
